동,0~9세 남자,10~19세 남자,1M,20~29세 남자,30~39세 남자,2M,40~49세 남자,50~59세 남자,60~69세 남자,3M,70~79세 남자,80~89세 남자,90~99세 남자,100세 이상 남자,4M,0~9세 여자,10~19세 여자,1W,20~29세 여자,30~39세 여자,2W,40~49세 여자,50~59세 여자,60~69세 여자,3W,70~79세 여자,80~89세 여자,90~99세 여자,100세 이상 여자,4W,인구수,M,W
청운동,94,181,275,160,114,274,163,182,135,480,72,49,9,0,130,69,118,187,110,137,247,233,206,143,582,88,67,8,1,164,2339,1159,1180
신교동,32,82,114,91,68,159,103,98,80,281,32,21,2,0,55,24,72,96,95,90,185,161,131,78,370,59,34,8,0,101,1361,609,752
궁정동,5,8,13,17,5,22,19,23,5,47,1,0,0,1,2,5,8,13,16,18,34,24,22,8,54,2,3,2,0,7,192,84,108
효자동,13,19,32,35,37,72,36,45,39,120,17,11,2,0,30,18,29,47,31,57,88,43,62,40,145,23,11,4,0,38,572,254,318
창성동,12,10,22,15,23,38,31,28,29,88,14,8,2,0,24,15,12,27,23,37,60,41,40,32,113,29,9,3,1,42,414,172,242
통의동,13,8,21,25,34,59,19,23,17,59,11,7,0,1,19,7,10,17,20,27,47,19,25,29,73,14,8,1,0,23,318,158,160
적선동,0,1,1,0,2,2,1,5,5,11,2,0,1,0,3,0,0,0,1,4,5,3,1,4,8,1,1,1,0,3,33,17,16
통인동,14,23,37,47,41,88,52,57,48,157,33,27,0,0,60,13,35,48,50,50,100,59,63,60,182,42,33,9,0,84,756,342,414
누상동,77,162,239,174,186,360,272,251,157,680,110,55,2,0,167,86,162,248,213,218,431,330,312,204,846,159,70,6,0,235,3206,1446,1760
누하동,15,25,40,48,58,106,60,59,45,164,27,16,1,0,44,23,34,57,47,72,119,62,73,54,189,49,42,1,0,92,811,354,457
옥인동,67,71,138,100,171,271,135,101,110,346,53,46,6,0,105,58,63,121,132,178,310,162,131,131,424,102,52,11,0,165,1880,860,1020
체부동,19,32,51,45,49,94,57,55,53,165,28,18,3,0,49,12,23,35,27,46,73,54,62,55,171,45,28,4,0,77,715,359,356
필운동,22,29,51,59,62,121,72,91,62,225,34,15,2,0,51,17,53,70,86,67,153,77,98,69,244,48,28,3,0,79,994,448,546
내자동,1,1,2,1,7,8,4,6,9,19,2,7,0,0,9,3,1,4,3,6,9,4,3,13,20,13,5,0,0,18,89,38,51
사직동,80,113,193,157,178,335,221,265,213,699,100,81,5,0,186,105,142,247,209,237,446,264,309,249,822,133,110,20,2,265,3193,1413,1780
도렴동,0,0,0,0,0,0,1,0,0,1,0,0,0,0,0,0,0,0,0,0,0,0,0,0,0,0,0,0,0,0,1,1,0
당주동,10,12,22,14,14,28,31,17,15,63,15,9,2,0,26,10,18,28,9,15,24,30,26,19,75,22,12,1,0,35,301,139,162
내수동,74,67,141,124,218,342,151,160,164,475,75,62,16,0,153,64,95,159,215,339,554,245,222,168,635,106,73,17,0,196,2655,1111,1544
신문로1가,7,4,11,2,1,3,13,4,7,24,3,1,0,0,4,1,5,6,3,5,8,8,0,5,13,3,4,1,0,8,77,42,35
신문로2가,24,24,48,32,45,77,63,59,41,163,15,13,4,1,33,23,27,50,47,74,121,74,65,46,185,27,19,5,0,51,728,321,407
청진동,0,0,0,4,5,9,7,16,14,37,5,4,1,0,10,0,0,0,2,3,5,5,4,3,12,2,2,0,0,4,77,56,21
서린동,0,0,0,0,0,0,1,1,0,2,0,0,0,0,0,0,0,0,0,0,0,0,0,0,0,0,0,0,0,0,2,2,0
수송동,9,6,15,9,19,28,21,14,20,55,13,5,0,0,18,1,10,11,14,18,32,24,22,20,66,8,11,2,0,21,246,116,130
중학동,0,0,0,1,0,1,0,0,1,1,1,0,0,0,1,0,0,0,0,0,0,0,0,0,0,1,0,0,0,1,4,3,1
종로1가,2,1,3,5,9,14,7,15,4,26,4,3,0,0,7,1,2,3,10,4,14,9,7,7,23,1,2,0,0,3,93,50,43
공평동,0,0,0,0,0,0,0,0,0,0,1,0,0,0,1,0,0,0,0,0,0,0,0,0,0,0,0,0,0,0,1,1,0
관훈동,0,1,1,6,9,15,4,15,20,39,9,5,0,0,14,0,2,2,1,0,1,5,8,11,24,10,2,1,0,13,109,69,40
견지동,7,6,13,13,16,29,12,23,20,55,4,8,0,0,12,8,7,15,19,21,40,12,20,19,51,3,10,2,0,15,230,109,121
와룡동,0,1,1,2,5,7,6,12,17,35,7,7,1,0,15,0,2,2,2,8,10,6,4,16,26,4,6,0,0,10,106,58,48
권농동,3,1,4,4,9,13,16,14,15,45,9,4,0,0,13,1,2,3,2,8,10,10,7,9,26,11,14,0,0,25,139,75,64
운니동,6,2,8,19,17,36,13,17,16,46,5,2,0,0,7,2,6,8,12,12,24,7,6,8,21,9,6,1,0,16,166,97,69
익선동,11,19,30,87,108,195,102,103,89,294,36,12,2,0,50,11,10,21,85,69,154,71,66,58,195,55,25,5,0,85,1024,569,455
경운동,2,4,6,20,24,44,22,22,16,60,9,6,0,0,15,0,1,1,27,22,49,23,16,16,55,13,7,0,0,20,250,125,125
관철동,0,2,2,44,43,87,22,21,25,68,9,2,0,0,11,1,1,2,26,16,42,8,5,7,20,4,0,0,0,4,236,168,68
인사동,0,0,0,2,5,7,4,9,19,32,9,5,0,0,14,0,0,0,1,5,6,3,5,14,22,5,2,0,1,8,89,53,36
낙원동,5,21,26,54,49,103,72,95,100,267,95,47,2,0,144,4,18,22,42,34,76,28,40,64,132,51,27,4,0,82,852,540,312
종로2가,0,0,0,4,8,12,14,7,15,36,7,0,0,0,7,0,0,0,1,1,2,1,5,9,15,6,0,0,0,6,78,55,23
팔판동,3,3,6,14,15,29,19,27,26,72,17,6,3,0,26,7,7,14,17,12,29,24,20,26,70,20,11,2,0,33,279,133,146
삼청동,23,63,86,72,81,153,94,95,90,279,61,31,5,0,97,27,41,68,90,91,181,101,86,112,299,70,51,5,0,126,1289,615,674
안국동,4,8,12,12,15,27,10,16,25,51,16,5,2,1,24,3,7,10,14,19,33,13,27,26,66,13,11,3,0,27,250,114,136
소격동,2,11,13,4,7,11,8,9,10,27,6,4,2,0,12,3,1,4,3,6,9,8,12,15,35,9,6,2,0,17,128,63,65
화동,4,13,17,14,11,25,14,17,21,52,6,7,1,0,14,3,9,12,18,15,33,19,18,18,55,10,12,2,0,24,232,108,124
사간동,1,3,4,7,10,17,7,15,13,35,5,2,0,0,7,3,4,7,1,12,13,6,13,10,29,6,4,0,1,11,123,63,60
가회동,26,41,67,48,57,105,84,92,71,247,39,27,1,0,67,21,36,57,44,72,116,92,98,85,275,65,37,9,0,111,1045,486,559
재동,1,2,3,3,5,8,13,7,7,27,4,1,0,0,5,1,3,4,2,4,6,8,6,5,19,8,4,3,0,15,87,43,44
계동,25,47,72,42,76,118,71,81,64,216,50,21,2,0,73,23,36,59,58,66,124,92,95,87,274,69,40,6,0,115,1051,479,572
원서동,43,64,107,100,108,208,135,153,124,412,61,33,6,0,100,26,71,97,126,131,257,152,156,125,433,86,49,7,0,142,1756,827,929
묘동,0,0,0,0,4,4,1,10,6,17,3,5,0,1,9,0,0,0,1,1,2,1,1,0,2,4,0,0,0,4,38,30,8
봉익동,0,0,0,2,5,7,2,6,19,27,7,2,0,0,9,0,1,1,2,1,3,1,6,5,12,0,0,1,0,1,60,43,17
돈의동,1,3,4,5,9,14,38,179,272,489,123,35,5,0,163,1,4,5,3,3,6,8,18,29,55,24,21,2,0,47,783,670,113
장사동,0,0,0,4,5,9,6,8,19,33,5,4,0,0,9,0,0,0,0,2,2,0,2,4,6,4,1,0,0,5,64,51,13
관수동,0,2,2,53,52,105,45,55,65,165,14,7,0,0,21,0,2,2,37,20,57,10,13,12,35,5,0,0,0,5,392,293,99
종로3가,0,1,1,10,18,28,18,26,19,63,10,1,0,0,11,1,0,1,0,7,7,2,6,3,11,1,4,1,0,6,128,103,25
인의동,35,26,61,71,98,169,82,78,73,233,36,19,1,0,56,37,28,65,89,108,197,59,78,70,207,32,19,6,0,57,1045,519,526
예지동,0,0,0,2,3,5,2,6,7,15,3,0,0,0,3,0,0,0,0,2,2,0,4,3,7,3,4,1,0,8,40,23,17
원남동,1,7,8,56,47,103,20,25,39,84,16,7,1,0,24,6,3,9,117,36,153,20,14,32,66,18,16,6,0,40,487,219,268
연지동,5,8,13,152,111,263,49,52,41,142,21,9,1,0,31,9,13,22,223,83,306,28,17,21,66,19,9,3,0,31,874,449,425
종로4가,0,0,0,0,0,0,3,2,4,9,2,0,0,0,2,1,1,2,0,1,1,2,2,3,7,2,0,0,0,2,23,11,12
효제동,2,3,5,143,100,243,31,54,55,140,29,15,2,0,46,1,9,10,187,71,258,24,45,37,106,24,13,3,0,40,848,434,414
종로5가,2,2,4,11,12,23,8,31,41,80,17,2,0,0,19,0,2,2,30,11,41,6,13,13,32,18,7,2,0,27,228,126,102
종로6가,6,13,19,26,20,46,27,66,54,147,29,19,1,0,49,5,13,18,30,25,55,20,48,36,104,31,18,1,0,50,488,261,227
이화동,21,46,67,134,150,284,92,155,135,382,79,30,5,0,114,21,37,58,169,127,296,89,164,112,365,85,59,10,0,154,1720,847,873
연건동,20,38,58,243,147,390,93,72,71,236,46,20,4,0,70,18,39,57,287,171,458,97,76,88,261,73,43,3,0,119,1649,754,895
충신동,59,74,133,227,237,464,213,303,278,794,125,63,8,0,196,67,83,150,187,185,372,156,252,205,613,165,81,13,0,259,2981,1587,1394
동숭동,52,78,130,321,331,652,239,282,225,746,137,65,11,0,213,58,93,151,393,309,702,231,279,289,799,153,117,14,0,284,3677,1741,1936
혜화동,69,127,196,314,185,499,210,239,146,595,90,51,4,0,145,74,134,208,394,218,612,243,281,156,680,130,76,18,0,224,3159,1435,1724
명륜1가,82,218,300,520,259,779,283,287,184,754,115,88,3,0,206,84,217,301,516,229,745,322,338,225,885,184,112,15,1,312,4282,2039,2243
명륜2가,57,140,197,363,188,551,174,219,162,555,69,31,11,2,113,66,135,201,432,205,637,194,246,186,626,91,63,13,0,167,3047,1416,1631
명륜4가,14,21,35,102,72,174,46,60,45,151,29,10,0,0,39,8,14,22,143,64,207,52,58,45,155,35,20,5,0,60,843,399,444
명륜3가,41,129,170,845,344,1189,249,291,278,818,132,101,11,1,245,42,171,213,711,216,927,217,288,257,762,213,180,22,2,417,4741,2422,2319
창신동,307,518,825,1260,1334,2594,1138,1927,1846,4911,808,343,46,0,1197,297,464,761,1184,1060,2244,1051,1820,1693,4564,932,583,68,0,1583,18679,9527,9152
숭인동,207,333,540,1271,1292,2563,1018,1402,1203,3623,602,239,23,0,864,206,339,545,1802,1269,3071,935,1245,1122,3302,639,378,52,1,1070,15578,7590,7988
교남동,25,31,56,26,35,61,48,65,45,158,13,7,1,0,21,33,24,57,33,39,72,58,58,28,144,13,8,3,0,24,593,296,297
평동,130,71,201,64,88,152,169,123,54,346,31,14,2,0,47,116,82,198,58,137,195,186,116,63,365,35,27,3,0,65,1569,746,823
송월동,41,48,89,57,33,90,53,97,62,212,19,13,4,0,36,29,63,92,64,53,117,88,106,50,244,26,14,1,0,41,921,427,494
홍파동,71,67,138,61,83,144,161,124,90,375,41,16,1,0,58,90,86,176,84,98,182,178,140,98,416,58,30,3,0,91,1580,715,865
교북동,40,27,67,39,112,151,67,61,31,159,11,7,0,0,18,27,24,51,59,147,206,102,61,45,208,22,8,0,0,30,890,395,495
행촌동,65,146,211,257,310,567,287,327,257,871,152,100,4,0,256,76,148,224,309,323,632,314,359,356,1029,273,128,20,0,421,4211,1905,2306
구기동,176,269,445,360,297,657,374,463,428,1265,217,116,7,0,340,153,276,429,353,321,674,443,581,462,1486,246,179,32,1,458,5754,2707,3047
평창동,374,469,843,704,683,1387,768,945,881,2594,402,219,30,2,653,319,508,827,719,765,1484,951,1180,979,3110,499,296,67,6,868,11766,5477,6289
부암동,80,187,267,277,257,534,277,346,273,896,154,76,6,0,236,87,135,222,241,292,533,354,411,318,1083,181,109,24,3,317,4088,1933,2155
홍지동,28,58,86,110,94,204,103,106,136,345,69,34,5,0,108,23,79,102,106,93,199,110,143,140,393,84,54,11,0,149,1586,743,843
신영동,84,232,316,191,207,398,241,302,213,756,116,67,5,0,188,102,170,272,213,199,412,318,336,258,912,136,83,20,1,240,3494,1658,1836
무악동,247,403,650,397,397,794,602,718,502,1822,264,141,13,0,418,311,528,839,455,453,908,696,704,581,1981,331,231,31,3,596,8008,3684,4324
무교동,0,0,0,0,0,0,0,1,3,4,1,1,0,0,2,0,0,0,0,0,0,1,1,1,3,0,1,0,0,1,10,6,4
다동,0,1,1,6,7,13,2,7,12,21,6,4,0,0,10,0,0,0,4,2,6,2,3,6,11,2,3,0,0,5,67,45,22
태평로1가,0,0,0,0,0,0,0,1,1,2,0,0,0,0,0,0,0,0,0,0,0,0,1,1,2,0,1,0,0,1,5,2,3
을지로1가,0,0,0,0,0,0,0,1,0,1,0,0,0,0,0,0,0,0,0,0,0,0,0,0,0,0,0,0,0,0,1,1,0
을지로2가,0,0,0,11,7,18,1,10,11,22,4,0,0,0,4,0,0,0,4,2,6,2,3,2,7,0,0,0,0,0,57,44,13
삼각동,0,0,0,0,0,0,0,1,1,2,0,1,0,0,1,0,0,0,0,0,0,0,0,0,0,1,0,0,0,1,4,3,1
장교동,0,0,0,0,0,0,0,1,0,1,0,0,0,0,0,0,0,0,0,0,0,0,0,1,1,0,0,0,0,0,2,1,1
수표동,0,0,0,0,0,0,1,1,3,5,1,0,0,0,1,0,0,0,0,1,1,0,0,1,1,0,0,0,0,0,8,6,2
소공동,0,0,0,0,0,0,0,0,0,0,1,0,0,0,1,0,0,0,0,0,0,0,0,0,0,0,0,0,0,0,1,1,0
남창동,8,3,11,12,28,40,26,43,57,126,26,15,0,0,41,3,10,13,21,18,39,22,27,45,94,33,19,6,0,58,422,218,204
북창동,1,0,1,4,18,22,21,20,31,72,10,2,0,0,12,0,2,2,7,7,14,5,11,14,30,3,3,1,0,7,160,107,53
태평로2가,0,0,0,1,9,10,7,7,4,18,3,0,0,0,3,0,1,1,3,3,6,1,2,4,7,1,0,0,0,1,46,31,15
남대문로2가,0,0,0,0,0,0,0,0,1,1,0,0,0,0,0,0,0,0,0,0,0,0,0,0,0,0,0,0,0,0,1,1,0
남대문로3가,0,0,0,0,1,1,0,1,1,2,1,0,0,0,1,0,0,0,0,0,0,0,1,2,3,2,1,0,0,3,10,4,6
남대문로4가,0,0,0,0,2,2,0,1,0,1,0,0,0,0,0,0,0,0,0,0,0,0,0,0,0,1,0,0,0,1,4,3,1
남대문로5가,8,15,23,16,24,40,34,105,187,326,69,26,2,0,97,7,9,16,21,25,46,26,44,44,114,36,12,3,0,51,713,486,227
봉래동1가,0,0,0,1,2,3,5,14,13,32,1,0,0,0,1,0,0,0,0,0,0,0,0,0,0,0,0,0,0,0,36,36,0
회현동1가,70,90,160,179,201,380,232,272,311,815,155,73,10,0,238,73,78,151,188,231,419,221,280,320,821,183,101,25,2,311,3295,1593,1702
회현동2가,22,37,59,39,38,77,52,67,72,191,47,14,4,0,65,19,38,57,63,56,119,68,71,93,232,40,18,7,0,65,865,392,473
회현동3가,0,1,1,4,6,10,2,1,4,7,3,1,0,0,4,0,3,3,3,1,4,2,1,1,4,2,0,1,0,3,36,22,14
충무로1가,0,0,0,0,1,1,1,4,3,8,1,0,0,0,1,1,0,1,1,0,1,2,0,0,2,0,0,0,0,0,14,10,4
충무로2가,1,4,5,25,51,76,17,11,6,34,5,0,0,0,5,0,7,7,67,30,97,14,8,12,34,0,1,1,0,2,260,120,140
명동1가,0,1,1,1,0,1,2,2,0,4,1,0,1,0,2,0,0,0,0,0,0,0,1,2,3,0,0,0,0,0,11,8,3
명동2가,0,0,0,0,5,5,10,22,11,43,3,4,0,0,7,0,1,1,3,24,27,71,107,116,294,86,52,11,0,149,526,55,471
남산동1가,4,4,8,5,14,19,13,9,8,30,14,7,0,0,21,1,2,3,4,13,17,11,5,11,27,13,5,1,0,19,144,78,66
남산동2가,12,15,27,33,51,84,49,51,38,138,17,5,1,0,23,8,21,29,35,37,72,41,38,40,119,18,21,1,0,40,532,272,260
남산동3가,0,0,0,3,8,11,6,1,5,12,4,2,0,0,6,0,0,0,5,3,8,4,2,4,10,2,0,1,0,3,50,29,21
저동1가,0,0,0,0,1,1,0,1,2,3,2,0,0,0,2,0,0,0,0,1,1,0,2,2,4,0,0,0,0,0,11,6,5
충무로4가,34,43,77,100,102,202,99,131,158,388,72,31,1,0,104,25,50,75,102,117,219,110,134,137,381,84,35,4,0,123,1569,771,798
충무로5가,3,2,5,65,94,159,38,40,30,108,11,7,1,0,19,2,2,4,140,90,230,44,22,18,84,9,8,0,0,17,626,291,335
인현동2가,4,14,18,69,133,202,60,57,51,168,28,10,2,0,40,10,10,20,67,115,182,75,46,56,177,34,21,4,0,59,866,428,438
예관동,0,0,0,1,0,1,0,6,5,11,1,0,1,0,2,0,0,0,0,1,1,0,1,2,3,2,2,0,0,4,22,14,8
묵정동,19,23,42,117,85,202,49,59,52,160,25,15,3,0,43,19,22,41,131,80,211,38,48,56,142,42,25,8,0,75,916,447,469
필동1가,3,5,8,2,9,11,11,12,13,36,7,2,0,0,9,1,0,1,11,8,19,4,10,7,21,5,4,0,0,9,114,64,50
필동2가,15,16,31,71,67,138,59,76,86,221,35,20,1,0,56,11,18,29,59,59,118,47,61,76,184,32,29,7,0,68,845,446,399
필동3가,14,22,36,126,62,188,55,75,67,197,27,22,3,0,52,12,29,41,119,78,197,39,49,64,152,35,30,9,1,75,938,473,465
남학동,1,2,3,1,2,3,1,5,3,9,4,4,0,0,8,1,0,1,1,2,3,1,4,8,13,3,3,0,0,6,46,23,23
주자동,0,1,1,2,0,2,2,7,3,12,2,1,0,0,3,0,0,0,1,0,1,0,2,0,2,0,0,0,0,0,21,18,3
예장동,26,25,51,72,69,141,37,59,56,152,25,17,3,0,45,31,37,68,41,47,88,62,56,51,169,28,24,4,0,56,770,389,381
장충동1가,32,56,88,146,133,279,119,113,102,334,70,41,5,0,116,26,49,75,153,129,282,116,118,111,345,76,57,8,0,141,1660,817,843
장충동2가,54,89,143,522,246,768,161,209,178,548,112,35,6,0,153,31,97,128,324,153,477,133,175,188,496,125,84,19,0,228,2941,1612,1329
광희동1가,1,4,5,29,21,50,24,33,35,92,17,7,1,0,25,1,7,8,13,18,31,8,15,33,56,18,8,1,0,27,294,172,122
광희동2가,16,13,29,69,87,156,40,51,81,172,43,18,2,0,63,9,17,26,76,72,148,52,50,82,184,46,24,4,0,74,852,420,432
쌍림동,4,7,11,41,53,94,45,48,55,148,28,10,2,0,40,3,10,13,76,42,118,27,42,38,107,45,20,4,0,69,600,293,307
을지로6가,0,0,0,14,26,40,9,14,11,34,6,3,1,0,10,1,3,4,28,25,53,4,7,3,14,4,4,0,0,8,163,84,79
을지로7가,0,0,0,3,2,5,1,6,7,14,8,1,0,0,9,0,2,2,7,5,12,2,7,3,12,2,2,0,0,4,58,28,30
을지로4가,0,1,1,10,25,35,8,16,34,58,13,6,0,0,19,0,0,0,13,15,28,2,2,9,13,3,4,0,0,7,161,113,48
을지로5가,6,6,12,31,53,84,20,26,23,69,15,3,0,0,18,9,16,25,51,39,90,18,19,30,67,20,6,1,0,27,392,183,209
주교동,0,1,1,16,18,34,18,32,54,104,37,11,2,0,50,0,1,1,8,7,15,7,8,18,33,9,8,1,0,18,256,189,67
방산동,0,0,0,2,0,2,2,3,11,16,7,1,0,0,8,1,0,1,0,0,0,0,1,4,5,2,1,0,0,3,35,26,9
오장동,2,8,10,111,94,205,39,47,35,121,25,5,1,0,31,4,11,15,205,77,282,13,11,15,39,15,5,1,0,21,724,367,357
을지로3가,1,1,2,12,24,36,27,38,42,107,15,11,1,0,27,0,3,3,8,14,22,9,11,8,28,9,5,0,0,14,239,172,67
입정동,31,8,39,29,124,153,77,42,19,138,2,1,0,0,3,37,13,50,35,109,144,75,40,13,128,9,0,1,0,10,665,333,332
산림동,0,1,1,5,6,11,5,15,27,47,21,4,0,0,25,0,1,1,2,7,9,5,7,16,28,12,5,2,0,19,141,84,57
충무로3가,0,0,0,26,50,76,14,28,35,77,17,4,0,0,21,0,3,3,29,21,50,8,9,6,23,2,2,0,0,4,254,174,80
초동,1,2,3,5,7,12,4,12,18,34,5,1,0,0,6,0,1,1,1,3,4,2,3,12,17,4,1,0,0,5,82,55,27
인현동1가,0,0,0,1,4,5,2,14,19,35,5,3,1,0,9,0,0,0,2,2,4,4,4,3,11,6,7,0,0,13,77,49,28
저동2가,11,5,16,27,40,67,14,14,12,40,3,3,0,0,6,9,4,13,37,46,83,18,5,5,28,1,4,1,0,6,259,129,130
신당동,1624,1939,3563,4324,5187,9511,4623,5637,5147,15407,2716,1237,133,3,4089,1606,1922,3528,4760,5148,9908,4589,5934,5588,16111,3385,2170,372,12,5939,68056,32570,35486
흥인동,43,29,72,174,247,421,183,138,105,426,40,16,1,0,57,58,46,104,398,304,702,191,146,102,439,45,31,6,0,82,2303,976,1327
무학동,2,1,3,25,22,47,16,17,21,54,10,5,1,0,16,5,4,9,31,19,50,11,12,17,40,12,4,0,0,16,235,120,115
황학동,353,217,570,930,1459,2389,930,861,766,2557,409,142,14,0,565,320,250,570,1334,1458,2792,910,900,792,2602,479,242,50,2,773,12818,6081,6737
서소문동,0,0,0,1,3,4,1,1,7,9,1,1,0,0,2,0,0,0,0,1,1,2,0,3,5,0,1,1,0,2,23,15,8
정동,15,10,25,33,48,81,49,42,28,119,16,4,2,0,22,17,21,38,47,64,111,55,29,28,112,17,9,1,0,27,535,247,288
순화동,62,23,85,43,112,155,147,85,49,281,18,10,2,0,30,47,47,94,84,152,236,157,101,60,318,23,11,2,0,36,1235,551,684
의주로1가,7,8,15,7,25,32,27,11,4,42,4,0,0,0,4,6,15,21,12,34,46,26,10,5,41,5,2,0,0,7,208,93,115
중림동,121,166,287,286,431,717,466,542,546,1554,289,135,10,2,436,113,152,265,387,462,849,415,448,488,1351,373,204,36,2,615,6074,2994,3080
의주로2가,0,0,0,0,1,1,2,0,0,2,1,2,0,0,3,0,0,0,0,0,0,0,0,0,0,2,0,0,0,2,8,6,2
만리동1가,56,48,104,71,125,196,134,103,78,315,33,20,3,0,56,64,46,110,73,121,194,117,83,61,261,50,27,2,1,80,1316,671,645
만리동2가,291,174,465,221,391,612,468,327,229,1024,90,38,8,1,137,297,126,423,205,504,709,411,375,234,1020,104,53,14,1,172,4562,2238,2324
후암동,380,604,984,1132,1480,2612,1151,1289,1056,3496,545,216,20,3,784,374,496,870,1147,1313,2460,1220,1341,1219,3780,684,445,80,6,1215,16201,7876,8325
용산동2가,137,227,364,682,852,1534,664,576,626,1866,376,179,19,0,574,131,214,345,681,791,1472,590,681,740,2011,489,296,57,0,842,9008,4338,4670
용산동4가,0,0,0,2,0,2,0,0,0,0,0,0,0,0,0,0,0,0,0,0,0,0,0,0,0,0,0,0,0,0,2,2,0
갈월동,32,60,92,182,277,459,219,339,298,856,126,46,5,0,177,30,54,84,214,237,451,169,197,172,538,93,63,7,2,165,2822,1584,1238
남영동,2,6,8,22,47,69,67,107,87,261,31,17,0,1,49,2,4,6,26,25,51,22,30,37,89,26,19,2,0,47,580,387,193
동자동,40,58,98,168,231,399,263,599,617,1479,240,75,7,0,322,31,49,80,214,220,434,163,238,223,624,110,66,8,1,185,3621,2298,1323
서계동,59,125,184,417,460,877,313,466,393,1172,181,76,5,1,263,72,112,184,331,359,690,289,445,396,1130,233,149,17,0,399,4899,2496,2403
청파동1가,117,217,334,650,764,1414,518,613,480,1611,207,119,5,0,331,125,187,312,693,591,1284,457,611,476,1544,268,151,23,1,443,7273,3690,3583
청파동2가,54,72,126,220,252,472,184,184,124,492,81,41,6,0,128,38,117,155,656,257,913,224,263,246,733,169,85,12,1,267,3286,1218,2068
청파동3가,37,76,113,291,318,609,215,202,184,601,93,47,3,0,143,40,119,159,852,348,1200,216,189,168,573,126,60,13,0,199,3597,1466,2131
원효로1가,143,153,296,535,880,1415,443,411,349,1203,151,53,5,0,209,142,157,299,997,992,1989,466,401,326,1193,192,114,16,1,323,6927,3123,3804
원효로2가,30,37,67,131,238,369,141,132,101,374,51,34,0,0,85,33,32,65,134,177,311,108,97,116,321,76,30,7,1,114,1706,895,811
신창동,61,84,145,166,184,350,169,190,121,480,87,21,4,0,112,59,122,181,167,160,327,185,190,177,552,83,71,7,0,161,2308,1087,1221
산천동,167,190,357,248,343,591,404,404,344,1152,133,65,6,0,204,216,274,490,314,379,693,427,410,339,1176,178,113,25,1,317,4980,2304,2676
청암동,27,23,50,40,36,76,43,37,67,147,34,19,3,0,56,32,14,46,28,45,73,48,42,68,158,30,27,4,0,61,667,329,338
원효로3가,31,44,75,171,246,417,137,164,119,420,69,34,6,0,109,20,57,77,260,224,484,116,137,116,369,91,47,6,0,144,2095,1021,1074
원효로4가,95,96,191,250,291,541,252,304,245,801,121,49,8,0,178,80,135,215,299,304,603,253,361,265,879,141,89,14,3,247,3655,1711,1944
효창동,391,384,775,752,954,1706,802,798,593,2193,266,147,17,0,430,408,319,727,847,1052,1899,834,915,618,2367,382,238,36,1,657,10754,5104,5650
도원동,157,180,337,328,373,701,355,470,399,1224,190,77,6,0,273,182,156,338,325,378,703,375,504,431,1310,261,131,23,1,416,5302,2535,2767
용문동,146,163,309,479,610,1089,428,453,347,1228,212,122,5,0,339,146,165,311,532,575,1107,425,458,436,1319,298,154,26,1,479,6181,2965,3216
문배동,295,200,495,283,605,888,530,349,239,1118,102,34,7,1,144,279,178,457,490,831,1321,567,388,265,1220,112,42,15,0,169,5812,2645,3167
신계동,122,105,227,158,223,381,218,213,193,624,62,34,4,0,100,120,102,222,162,213,375,216,232,205,653,78,55,8,0,141,2723,1332,1391
한강로1가,59,60,119,240,362,602,207,225,212,644,98,39,6,0,143,62,57,119,283,448,731,234,248,222,704,89,51,7,1,148,3210,1508,1702
한강로2가,224,99,323,514,1183,1697,437,370,294,1101,122,74,10,0,206,183,104,287,920,1337,2257,468,404,278,1150,129,106,30,2,267,7288,3327,3961
용산동3가,2,6,8,39,33,72,20,26,16,62,10,7,0,0,17,3,4,7,12,17,29,14,12,16,42,17,14,2,0,33,270,159,111
용산동5가,99,100,199,113,130,243,148,196,205,549,101,44,5,0,150,93,90,183,141,154,295,172,261,191,624,85,38,3,1,127,2370,1141,1229
한강로3가,261,248,509,469,605,1074,567,744,606,1917,256,131,11,0,398,247,228,475,551,626,1177,565,782,601,1948,308,177,28,0,513,8011,3898,4113
이촌동,1383,1600,2983,1659,1943,3602,2457,2705,2048,7210,1007,564,99,2,1672,1299,1565,2864,1683,2280,3963,2895,2960,2288,8143,1337,969,192,7,2505,32942,15467,17475
이태원동,285,316,601,1126,1448,2574,1031,1022,1000,3053,504,294,49,0,847,292,359,651,1077,1305,2382,1047,1153,1157,3357,748,491,89,3,1331,14796,7075,7721
한남동,563,569,1132,1148,1737,2885,1554,1440,1283,4277,629,335,24,0,988,514,529,1043,1113,1855,2968,1551,1584,1417,4552,817,459,85,1,1362,19207,9282,9925
동빙고동,165,457,622,402,295,697,683,515,289,1487,113,68,6,0,187,144,484,628,412,272,684,706,488,310,1504,162,157,10,0,329,6138,2993,3145
서빙고동,175,203,378,362,305,667,313,474,455,1242,166,134,23,2,325,169,199,368,341,383,724,394,581,395,1370,214,228,51,3,496,5570,2612,2958
주성동,15,27,42,43,89,132,66,61,81,208,29,15,1,0,45,14,25,39,53,54,107,55,77,69,201,34,15,5,0,54,828,427,401
보광동,170,363,533,1049,1139,2188,874,1092,919,2885,440,217,22,0,679,141,262,403,818,864,1682,836,1155,1137,3128,646,376,59,3,1084,12582,6285,6297
상왕십리동,216,139,355,149,263,412,379,266,197,842,59,28,2,0,89,222,131,353,237,378,615,360,268,197,825,82,47,11,1,141,3632,1698,1934
하왕십리동,1263,1079,2342,1915,2336,4251,2345,2324,1945,6614,854,376,37,0,1267,1206,1023,2229,2152,2681,4833,2373,2651,2062,7086,1118,530,89,0,1737,30359,14474,15885
홍익동,62,98,160,289,300,589,224,360,294,878,170,96,8,0,274,59,87,146,320,298,618,212,338,315,865,213,164,33,2,412,3942,1901,2041
도선동,60,120,180,515,428,943,254,354,268,876,108,62,4,0,174,50,109,159,822,461,1283,245,356,237,838,148,85,17,0,250,4703,2173,2530
마장동,530,737,1267,2111,1643,3754,1400,1694,1555,4649,797,340,31,0,1168,511,768,1279,2054,1528,3582,1334,1791,1620,4745,905,553,67,2,1527,21971,10838,11133
사근동,102,235,337,1449,491,1940,325,378,320,1023,205,117,5,0,327,77,294,371,981,320,1301,275,403,359,1037,284,160,11,0,455,6791,3627,3164
행당동,1328,1504,2832,3556,3086,6642,3010,3218,2431,8659,1280,545,52,2,1879,1331,1743,3074,3717,3275,6992,3204,3414,2647,9265,1620,897,132,7,2656,41999,20012,21987
응봉동,531,787,1318,805,972,1777,1257,1201,830,3288,475,233,19,0,727,464,757,1221,900,1033,1933,1413,1262,979,3654,629,357,45,2,1033,14951,7110,7841
금호동1가,591,550,1141,781,1092,1873,1281,1124,991,3396,509,207,16,0,732,534,533,1067,815,1233,2048,1260,1212,1190,3662,643,371,54,2,1070,14989,7142,7847
금호동2가,480,317,797,492,829,1321,874,714,562,2150,255,112,12,0,379,423,326,749,538,960,1498,937,757,631,2325,350,206,33,2,591,9810,4647,5163
금호동3가,347,341,688,791,1042,1833,870,979,874,2723,463,199,17,3,682,335,333,668,718,985,1703,885,1091,1020,2996,611,345,47,2,1005,12298,5926,6372
금호동4가,645,477,1122,686,1068,1754,1294,1054,878,3226,454,180,13,1,648,584,464,1048,669,1290,1959,1307,1088,1073,3468,626,342,49,2,1019,14244,6750,7494
옥수동,1142,801,1943,1176,2026,3202,2178,1801,1537,5516,793,332,37,2,1164,1192,837,2029,1320,2495,3815,2264,2055,1871,6190,1001,553,88,2,1644,25503,11825,13678
성수동1가,787,908,1695,2000,2535,4535,1917,2327,2026,6270,832,328,24,2,1186,737,830,1567,2054,2588,4642,1999,2352,2019,6370,931,494,68,1,1494,27759,13686,14073
성수동2가,594,627,1221,1812,2221,4033,1785,2234,2280,6299,946,379,27,1,1353,524,627,1151,1861,2062,3923,1548,2039,1970,5557,1036,563,72,5,1676,25213,12906,12307
송정동,229,269,498,788,863,1651,771,980,941,2692,377,131,10,0,518,190,230,420,768,677,1445,620,805,784,2209,425,185,29,1,640,10073,5359,4714
용답동,153,280,433,1139,982,2121,781,1126,860,2767,431,221,11,1,664,143,278,421,1470,892,2362,623,791,722,2136,512,285,41,1,839,11743,5985,5758
중곡동,1678,2343,4021,5930,6829,12759,5399,6456,5897,17752,2909,1117,64,6,4096,1534,2188,3722,6850,6744,13594,5212,7111,6503,18826,3473,1582,217,4,5276,80046,38628,41418
능동,245,256,501,971,1130,2101,794,660,587,2041,316,156,9,0,481,234,257,491,1272,1373,2645,816,740,722,2278,397,201,26,1,625,11163,5124,6039
구의동,2000,2877,4877,5758,6308,12066,5577,5981,4869,16427,2374,964,85,2,3425,1977,2872,4849,6710,6463,13173,5972,6573,5441,17986,2866,1458,212,10,4546,77349,36795,40554
광장동,1349,2754,4103,1915,1472,3387,3130,3024,1693,7847,730,358,55,2,1145,1207,2661,3868,1949,1854,3803,3804,2962,1697,8463,797,539,106,4,1446,34062,16482,17580
자양동,2455,3189,5644,6738,7192,13930,6642,7192,6530,20364,3034,1275,122,4,4435,2287,3154,5441,7017,7096,14113,6803,7546,7101,21450,3695,1900,295,6,5896,91273,44373,46900
화양동,157,328,485,4429,2446,6875,1146,1102,825,3073,440,227,16,0,683,163,447,610,5854,2221,8075,947,901,858,2706,562,268,41,1,872,23379,11116,12263
군자동,356,518,874,2072,1846,3918,1286,1333,1231,3850,643,258,10,0,911,323,474,797,2214,1714,3928,1231,1309,1315,3855,702,395,54,2,1153,19286,9553,9733
신설동,29,37,66,360,405,765,247,288,337,872,113,62,4,0,179,38,41,79,666,419,1085,170,167,178,515,89,55,6,0,150,3711,1882,1829
용두동,805,856,1661,2601,2881,5482,2374,2405,2108,6887,1063,521,42,1,1627,821,805,1626,3061,2727,5788,2132,2220,2102,6454,1307,745,99,6,2157,31682,15657,16025
제기동,444,678,1122,2378,1736,4114,1502,1937,1918,5357,1148,554,44,1,1747,431,620,1051,2110,1375,3485,1244,1714,1955,4913,1398,802,109,6,2315,24104,12340,11764
전농동,1338,1701,3039,3184,3087,6271,3462,3949,3528,10939,1791,859,61,1,2712,1284,1709,2993,3274,2967,6241,3297,3931,3733,10961,2257,1275,157,10,3699,46855,22961,23894
답십리동,2014,1864,3878,3366,4430,7796,4379,4258,3823,12460,1897,821,64,2,2784,2019,1870,3889,3759,4605,8364,4233,4438,4092,12763,2339,1294,192,7,3832,55766,26918,28848
장안동,2436,2836,5272,4146,5494,9640,6087,5465,4841,16393,2554,885,52,1,3492,2275,2585,4860,4569,5296,9865,5835,5365,5268,16468,2898,1253,190,11,4352,70342,34797,35545
청량리동,328,512,840,1129,1141,2270,1172,1600,1881,4653,1030,455,51,0,1536,336,470,806,1033,937,1970,1050,1524,1927,4501,1319,715,128,1,2163,18739,9299,9440
회기동,157,358,515,1600,790,2390,601,611,447,1659,260,159,13,2,434,168,402,570,1889,650,2539,604,597,520,1721,372,256,40,0,668,10496,4998,5498
휘경동,916,1340,2256,4631,2734,7365,2467,2676,2173,7316,1230,546,53,1,1830,831,1478,2309,5032,2439,7471,2392,2737,2341,7470,1553,775,107,4,2439,38456,18767,19689
이문동,802,1476,2278,3672,2352,6024,2517,2948,2411,7876,1387,698,52,2,2139,786,1428,2214,4116,2093,6209,2386,2886,2542,7814,1842,1018,125,2,2987,37541,18317,19224
면목동,3364,3795,7159,8926,10681,19607,10218,12095,10822,33135,5361,2093,145,4,7603,3206,3649,6855,9186,9708,18894,8996,11997,11601,32594,6572,3034,441,9,10056,135903,67504,68399
상봉동,1126,1304,2430,3168,4055,7223,2993,3355,3126,9474,1328,562,37,1,1928,1131,1144,2275,3952,4114,8066,2811,3531,3268,9610,1638,812,132,6,2588,43594,21055,22539
중화동,985,1159,2144,2852,3528,6380,3122,3742,3853,10717,1822,719,44,1,2586,915,1070,1985,2973,3204,6177,2656,3661,3843,10160,2064,1025,114,0,3203,43352,21827,21525
묵동,1356,2107,3463,3411,3632,7043,3986,4173,3691,11850,1985,810,49,1,2845,1326,1955,3281,3913,3595,7508,4008,4417,4286,12711,2378,1106,148,4,3636,52337,25201,27136
망우동,1569,1442,3011,3171,4013,7184,3673,4351,4472,12496,2043,753,71,1,2868,1485,1581,3066,3503,3760,7263,3235,4273,4337,11845,2320,1171,226,8,3725,51458,25559,25899
신내동,1775,2786,4561,3345,3626,6971,4297,4479,4470,13246,2249,853,71,2,3175,1760,2650,4410,3186,3722,6908,4419,5075,5101,14595,2609,1472,262,14,4357,58223,27953,30270
성북동,226,348,574,704,762,1466,688,855,709,2252,349,217,27,2,595,224,317,541,708,800,1508,792,934,784,2510,465,337,73,2,877,10323,4887,5436
성북동1가,32,42,74,154,147,301,130,130,92,352,53,25,6,0,84,36,67,103,239,158,397,151,161,111,423,80,38,7,0,125,1859,811,1048
돈암동,1222,1855,3077,2255,2303,4558,2737,3378,2480,8595,1248,554,57,0,1859,1205,1948,3153,2446,2447,4893,3190,3599,2835,9624,1596,936,170,3,2705,38464,18089,20375
동소문동1가,11,33,44,99,85,184,55,70,50,175,24,18,2,0,44,16,18,34,118,94,212,58,83,61,202,32,16,3,1,52,947,447,500
동소문동2가,6,14,20,38,40,78,43,42,38,123,20,12,0,0,32,6,11,17,38,28,66,23,45,49,117,36,26,4,0,66,519,253,266
동소문동3가,2,4,6,12,11,23,9,24,17,50,5,2,0,0,7,0,1,1,20,6,26,4,8,12,24,5,2,1,0,8,145,86,59
동소문동4가,59,124,183,246,232,478,196,205,161,562,85,49,5,0,139,59,134,193,390,226,616,214,262,170,646,134,69,7,0,210,3027,1362,1665
동소문동5가,22,48,70,71,42,113,83,116,82,281,45,28,1,0,74,16,39,55,161,56,217,80,89,73,242,57,40,9,0,106,1158,538,620
동소문동6가,17,50,67,154,115,269,85,96,74,255,47,18,4,0,69,25,68,93,487,163,650,112,98,84,294,57,43,12,0,112,1809,660,1149
동소문동7가,90,122,212,159,148,307,177,210,102,489,57,37,3,0,97,93,125,218,207,151,358,203,211,97,511,77,53,11,0,141,2333,1105,1228
삼선동1가,50,111,161,413,326,739,265,354,324,943,180,94,13,0,287,54,92,146,416,281,697,236,335,343,914,210,153,17,1,381,4268,2130,2138
삼선동2가,167,303,470,419,343,762,433,507,303,1243,148,74,6,1,229,163,303,466,451,388,839,502,513,324,1339,191,120,11,0,322,5670,2704,2966
삼선동3가,100,198,298,283,217,500,299,331,216,846,110,52,4,0,166,79,190,269,289,223,512,325,362,251,938,172,98,12,1,283,3812,1810,2002
삼선동4가,43,97,140,287,228,515,188,260,194,642,94,47,5,0,146,42,105,147,438,278,716,183,234,180,597,148,83,10,0,241,3144,1443,1701
삼선동5가,46,119,165,360,316,676,222,278,177,677,122,64,6,1,193,45,133,178,530,341,871,234,275,232,741,161,97,13,1,272,3773,1711,2062
동선동1가,10,17,27,134,92,226,55,65,41,161,31,11,1,0,43,12,41,53,325,120,445,66,63,45,174,27,16,1,0,44,1173,457,716
동선동2가,9,39,48,223,173,396,97,92,81,270,50,21,1,0,72,23,84,107,688,187,875,106,95,91,292,65,45,7,0,117,2177,786,1391
동선동3가,21,38,59,257,219,476,147,160,118,425,93,34,2,0,129,28,123,151,712,238,950,174,182,176,532,96,50,11,0,157,2879,1089,1790
동선동4가,19,31,50,230,203,433,139,110,95,344,59,33,2,0,94,11,62,73,437,188,625,124,117,122,363,78,50,2,2,132,2114,921,1193
동선동5가,27,58,85,192,175,367,127,147,102,376,59,41,4,0,104,31,70,101,282,166,448,119,145,131,395,90,60,5,0,155,2031,932,1099
안암동1가,69,137,206,503,260,763,212,289,213,714,111,51,3,0,165,70,122,192,605,268,873,253,301,215,769,140,94,17,0,251,3933,1848,2085
안암동2가,18,72,90,492,196,688,103,151,90,344,46,23,7,1,77,19,52,71,482,139,621,102,128,115,345,83,46,8,0,137,2373,1199,1174
안암동3가,69,103,172,442,333,775,230,297,241,768,115,63,4,0,182,60,92,152,336,247,583,228,328,257,813,160,106,14,1,281,3726,1897,1829
안암동4가,14,16,30,133,83,216,61,71,64,196,39,8,0,0,47,12,14,26,162,61,223,43,73,57,173,41,15,3,1,60,971,489,482
안암동5가,27,138,165,1258,272,1530,129,138,99,366,76,32,6,0,114,24,116,140,1094,169,1263,95,157,105,357,87,76,9,0,172,4107,2175,1932
보문동4가,20,34,54,88,83,171,59,105,39,203,35,13,2,0,50,16,37,53,86,70,156,71,76,61,208,38,25,0,0,63,958,478,480
보문동5가,33,39,72,159,166,325,130,140,130,400,68,27,1,0,96,39,35,74,196,128,324,101,131,160,392,82,36,11,0,129,1812,893,919
보문동6가,245,159,404,414,572,986,475,477,393,1345,179,69,8,0,256,226,198,424,424,581,1005,450,544,409,1403,239,117,17,0,373,6196,2991,3205
보문동7가,13,23,36,92,113,205,66,85,78,229,35,11,3,0,49,9,23,32,87,92,179,58,64,72,194,43,26,4,0,73,997,519,478
보문동1가,100,69,169,108,145,253,135,114,88,337,40,18,1,0,59,72,75,147,150,159,309,143,119,96,358,47,28,5,0,80,1712,818,894
보문동2가,19,40,59,211,187,398,118,157,86,361,57,32,0,0,89,20,56,76,332,172,504,130,146,115,391,86,46,8,0,140,2018,907,1111
보문동3가,83,102,185,167,148,315,196,220,155,571,67,35,4,0,106,105,116,221,172,160,332,231,270,186,687,109,54,8,1,172,2589,1177,1412
정릉동,2105,3209,5314,6037,5028,11065,5569,6303,5278,17150,3033,1377,117,0,4527,1956,3003,4959,5621,4774,10395,5723,6733,6380,18836,3883,2217,338,6,6444,78690,38056,40634
길음동,2627,3393,6020,2614,2984,5598,5116,4409,2557,12082,1390,603,43,0,2036,2492,3405,5897,2813,3515,6328,5780,4253,3098,13131,1834,898,158,7,2897,53989,25736,28253
종암동,1126,1897,3023,2900,2461,5361,2866,3155,2473,8494,1220,647,70,3,1940,1073,1581,2654,2623,2217,4840,3058,3157,2659,8874,1667,1014,181,6,2868,38054,18818,19236
하월곡동,1184,1822,3006,2411,2524,4935,3096,3312,2586,8994,1360,647,44,1,2052,1184,1799,2983,3052,2545,5597,3145,3231,2841,9217,1805,893,132,1,2831,39615,18987,20628
상월곡동,205,332,537,615,641,1256,614,710,716,2040,376,182,8,0,566,177,330,507,889,592,1481,627,705,765,2097,451,236,32,2,721,9205,4399,4806
장위동,1857,1983,3840,3376,3715,7091,4139,4425,3685,12249,1836,771,53,0,2660,1798,1963,3761,3496,3702,7198,3881,4521,4143,12545,2245,1152,148,6,3551,52895,25840,27055
석관동,895,1068,1963,2324,2436,4760,2456,2821,2735,8012,1460,679,42,3,2184,844,983,1827,2433,2265,4698,2273,2862,2858,7993,1854,885,109,1,2849,34286,16919,17367
미아동,3223,5116,8339,8150,8000,16150,9702,11312,9742,30756,5209,2222,150,4,7585,3033,4926,7959,8640,7501,16141,9594,11492,10689,31775,6597,3398,411,9,10415,129120,62830,66290
번동,902,1509,2411,3337,3082,6419,3615,4183,3830,11628,2331,1145,59,4,3539,860,1440,2300,3367,2699,6066,3279,4090,4316,11685,3680,1635,218,7,5540,49588,23997,25591
수유동,2060,3094,5154,6924,6954,13878,7256,8616,8067,23939,4516,2125,187,7,6835,1973,3089,5062,7627,6138,13765,6537,8973,9246,24756,5841,3155,428,15,9439,102828,49806,53022
우이동,207,344,551,600,688,1288,725,905,887,2517,533,294,20,1,848,199,324,523,680,592,1272,648,961,1076,2685,693,408,61,1,1163,10847,5204,5643
쌍문동,1829,2798,4627,4684,4782,9466,5195,6017,5679,16891,2931,1307,117,1,4356,1684,2704,4388,5092,4537,9629,5231,6856,6649,18736,3594,2079,309,11,5993,74086,35340,38746
방학동,1866,3100,4966,4626,4261,8887,5024,6506,6242,17772,3159,1352,110,3,4624,1680,2835,4515,4165,3824,7989,5127,6754,6843,18724,3582,1974,341,13,5910,73387,36249,37138
창동,3058,4741,7799,7403,7685,15088,8433,9701,8592,26726,4311,1922,168,7,6408,2862,4465,7327,7535,7521,15056,8693,10811,9705,29209,5156,2869,473,11,8509,116122,56021,60101
도봉동,1044,1309,2353,2605,2848,5453,3213,3811,4269,11293,2637,1094,93,2,3826,1004,1219,2223,2457,2607,5064,2828,3946,4651,11425,2994,1559,227,11,4791,46428,22925,23503
월계동,2161,2840,5001,5228,4901,10129,5680,5910,5629,17219,3302,1261,112,3,4678,2020,2606,4626,4501,4691,9192,5425,6280,6722,18427,4000,2102,369,11,6482,75754,37027,38727
공릉동,2407,3460,5867,6638,5270,11908,5773,5787,5046,16606,2542,924,95,0,3561,2267,3390,5657,6876,5259,12135,5998,5985,5778,17761,2916,1430,231,6,4583,78078,37942,40136
하계동,1145,3131,4276,3926,2499,6425,3185,4157,3118,10460,1299,575,81,1,1956,1031,2767,3798,3454,2602,6056,3882,4463,3603,11948,2011,1258,197,2,3468,48387,23117,25270
상계동,5634,8348,13982,12492,13544,26036,13985,16366,13975,44326,7006,2844,277,10,10137,5463,7916,13379,12422,13297,25719,15139,18340,16166,49645,8491,4915,869,32,14307,197531,94481,103050
중계동,2835,7447,10282,6060,4516,10576,8231,9237,5978,23446,2842,1325,128,2,4297,2604,6883,9487,5850,4820,10670,9996,9352,6658,26006,4344,2561,402,17,7324,102088,48601,53487
수색동,476,475,951,813,1028,1841,927,1125,955,3007,427,170,14,1,612,464,423,887,813,1034,1847,892,1178,1008,3078,546,328,54,1,929,13152,6411,6741
녹번동,1077,1047,2124,2153,2802,4955,2775,2765,2447,7987,1360,628,38,1,2027,1132,1080,2212,2492,2948,5440,2672,3052,2959,8683,1840,938,155,2,2935,36363,17093,19270
불광동,1416,2085,3501,4194,4549,8743,4445,5219,4866,14530,2624,1308,103,1,4036,1380,1885,3265,4580,4514,9094,4441,5899,5644,15984,3525,1937,242,6,5710,64863,30810,34053
갈현동,934,1653,2587,2963,2965,5928,3110,3494,2962,9566,1595,714,53,0,2362,814,1588,2402,3235,2849,6084,3177,3943,3555,10675,2086,1017,124,1,3228,42832,20443,22389
구산동,714,1279,1993,2046,1930,3976,2379,2727,2462,7568,1312,546,51,2,1911,716,1306,2022,2311,1901,4212,2294,2891,2545,7730,1465,760,92,2,2319,31731,15448,16283
대조동,505,694,1199,2055,2337,4392,1810,2023,1681,5514,992,516,32,1,1541,421,798,1219,3043,2340,5383,1814,2144,1993,5951,1357,690,64,2,2113,27312,12646,14666
응암동,3128,3396,6524,4792,6226,11018,7141,6311,5078,18530,2727,1345,108,3,4183,2934,3180,6114,5363,6694,12057,7194,6470,5993,19657,3884,2080,277,5,6246,84329,40255,44074
역촌동,986,1579,2565,2901,2984,5885,3369,3558,2986,9913,1691,728,54,0,2473,1016,1593,2609,3198,3087,6285,3520,4025,3691,11236,2230,1090,128,6,3454,44420,20836,23584
신사동,1141,1733,2874,3171,3293,6464,3407,3633,3436,10476,1754,765,55,1,2575,1043,1532,2575,3058,3166,6224,3345,3977,3981,11303,2194,1098,152,6,3450,45941,22389,23552
증산동,558,732,1290,1175,1306,2481,1337,1493,1373,4203,699,309,21,1,1030,535,673,1208,1283,1305,2588,1314,1563,1487,4364,858,412,54,4,1328,18492,9004,9488
진관동,1857,3705,5562,2943,2601,5544,4307,4464,3216,11987,1683,741,58,3,2485,1679,3494,5173,3809,3564,7373,5225,4512,3660,13397,2013,1080,182,3,3278,54799,25578,29221
충정로2가,16,26,42,94,128,222,86,87,69,242,32,25,3,0,60,18,26,44,129,138,267,63,61,69,193,46,19,5,0,70,1140,566,574
충정로3가,80,118,198,374,460,834,326,361,364,1051,173,70,9,0,252,85,136,221,537,533,1070,313,349,384,1046,181,126,22,4,333,5005,2335,2670
합동,37,20,57,68,143,211,93,80,28,201,17,9,1,0,27,44,36,80,91,154,245,127,65,40,232,19,6,4,0,29,1082,496,586
미근동,2,3,5,47,43,90,36,25,33,94,24,9,2,0,35,2,3,5,44,42,86,26,26,21,73,31,17,2,0,50,438,224,214
냉천동,135,131,266,143,205,348,241,281,226,748,86,54,2,0,142,123,116,239,203,229,432,246,276,188,710,112,53,7,1,173,3058,1504,1554
천연동,170,205,375,233,342,575,383,335,253,971,123,78,5,0,206,163,213,376,289,350,639,400,343,312,1055,234,138,18,1,391,4588,2127,2461
옥천동,8,28,36,77,63,140,49,97,68,214,38,27,1,0,66,10,11,21,76,63,139,53,73,96,222,64,57,8,0,129,967,456,511
영천동,74,113,187,196,157,353,195,276,239,710,94,54,2,0,150,108,139,247,201,175,376,202,314,247,763,127,86,15,0,228,3014,1400,1614
현저동,153,167,320,287,335,622,311,449,401,1161,195,93,13,1,302,143,182,325,257,347,604,380,480,380,1240,251,225,36,0,512,5086,2405,2681
북아현동,1090,954,2044,1736,2161,3897,2160,2267,1757,6184,804,382,32,2,1220,1045,948,1993,1917,2327,4244,2117,2367,1877,6361,1016,626,108,2,1752,27695,13345,14350
홍제동,1614,1907,3521,3395,3858,7253,3810,4570,3951,12331,2021,1090,94,2,3207,1587,1969,3556,3583,4001,7584,4028,5065,4597,13690,2791,1694,210,6,4701,55843,26312,29531
대현동,80,140,220,650,388,1038,242,295,168,705,88,47,5,0,140,89,253,342,2434,663,3097,332,344,185,861,136,87,14,0,237,6640,2103,4537
대신동,27,43,70,209,113,322,65,69,45,179,36,27,1,0,64,25,58,83,430,154,584,88,68,59,215,34,30,7,1,72,1589,635,954
신촌동,18,27,45,94,63,157,32,46,40,118,20,12,3,0,35,18,28,46,206,73,279,38,54,28,120,19,23,4,0,46,846,355,491
봉원동,8,9,17,19,20,39,18,39,30,87,17,11,2,0,30,13,11,24,33,20,53,24,35,24,83,19,19,2,0,40,373,173,200
창천동,145,203,348,2238,1228,3466,551,477,387,1415,231,129,12,0,372,105,200,305,2185,947,3132,489,489,440,1418,301,180,22,2,505,10961,5601,5360
연희동,656,1112,1768,3769,2741,6510,2163,2339,1895,6397,1050,581,72,5,1708,686,1056,1742,3831,2691,6522,2355,2633,2201,7189,1462,868,150,4,2484,34320,16383,17937
홍은동,1448,1931,3379,3458,3574,7032,3622,4245,3549,11416,1828,906,74,0,2808,1429,1918,3347,3515,3364,6879,3727,4498,4064,12289,2314,1460,230,11,4015,51165,24635,26530
북가좌동,1280,2120,3400,3121,3142,6263,3678,3965,3441,11084,1823,851,62,0,2736,1148,1969,3117,3168,3062,6230,3830,4253,3793,11876,2391,1285,177,6,3859,48565,23483,25082
남가좌동,2266,2086,4352,2758,2947,5705,4149,3386,2522,10057,1322,649,59,2,2032,2169,2118,4287,2947,3387,6334,4039,3468,2724,10231,1812,1002,144,7,2965,45963,22146,23817
아현동,1202,833,2035,1651,2393,4044,2235,2133,1715,6083,684,328,29,0,1041,1197,909,2106,1983,2680,4663,2134,2234,1866,6234,940,564,95,2,1601,27807,13203,14604
공덕동,859,844,1703,1499,2206,3705,1983,1969,1458,5410,637,321,28,1,987,842,888,1730,2065,2513,4578,2004,2094,1548,5646,888,561,73,7,1529,25288,11805,13483
신공덕동,452,387,839,742,999,1741,905,931,715,2551,316,182,9,0,507,373,408,781,1247,1271,2518,905,1084,755,2744,414,282,46,1,743,12424,5638,6786
도화동,696,803,1499,1185,1832,3017,1502,1595,1357,4454,637,333,46,0,1016,682,740,1422,1444,2047,3491,1710,1806,1492,5008,826,582,103,5,1516,21423,9986,11437
용강동,353,403,756,311,481,792,777,587,376,1740,178,85,9,1,273,395,427,822,333,547,880,854,521,386,1761,242,121,29,0,392,7416,3561,3855
토정동,80,33,113,57,143,200,129,78,60,267,23,13,2,0,38,76,37,113,52,167,219,94,113,65,272,31,21,5,0,57,1279,618,661
마포동,82,80,162,195,296,491,197,183,154,534,79,38,4,0,121,51,72,123,207,276,483,177,211,171,559,80,60,7,0,147,2620,1308,1312
대흥동,575,722,1297,1180,1202,2382,1257,1300,946,3503,436,218,30,0,684,536,641,1177,1514,1251,2765,1339,1289,986,3614,597,395,59,0,1051,16473,7866,8607
염리동,739,943,1682,1139,1325,2464,1626,1356,842,3824,374,216,19,0,609,692,951,1643,1373,1454,2827,1741,1293,912,3946,586,347,48,0,981,17976,8579,9397
노고산동,27,102,129,908,673,1581,326,343,285,954,126,79,7,1,213,25,91,116,1116,578,1694,308,285,281,874,176,113,19,3,311,5872,2877,2995
신수동,492,670,1162,1409,1135,2544,1099,1265,841,3205,454,244,23,0,721,504,550,1054,1274,1108,2382,1221,1213,941,3375,587,333,47,4,971,15414,7632,7782
현석동,220,228,448,290,358,648,453,439,266,1158,112,51,3,0,166,199,231,430,299,455,754,473,473,299,1245,121,70,11,0,202,5051,2420,2631
구수동,13,31,44,59,71,130,63,49,44,156,24,8,2,0,34,4,28,32,56,62,118,72,54,58,184,37,20,4,0,61,759,364,395
창전동,573,557,1130,1291,1084,2375,1156,1136,771,3063,322,177,21,0,520,513,603,1116,1373,1186,2559,1212,1186,817,3215,455,272,43,1,771,14749,7088,7661
상수동,227,214,441,753,643,1396,562,429,344,1335,199,91,6,0,296,203,188,391,911,736,1647,586,508,412,1506,257,132,22,0,411,7423,3468,3955
하중동,64,62,126,80,75,155,87,141,122,350,43,21,0,0,64,52,46,98,114,98,212,103,166,121,390,34,24,8,0,66,1461,695,766
신정동,66,68,134,87,129,216,109,124,86,319,33,25,6,0,64,57,59,116,91,144,235,137,137,91,365,55,27,4,0,86,1535,733,802
당인동,12,16,28,100,138,238,83,55,51,189,29,18,1,0,48,17,24,41,120,110,230,51,56,60,167,42,31,3,0,76,1017,503,514
서교동,283,437,720,1945,1983,3928,1351,1202,829,3382,501,267,36,0,804,305,456,761,2716,2290,5006,1524,1341,985,3850,679,354,75,2,1110,19561,8834,10727
동교동,40,77,117,378,421,799,243,199,150,592,100,56,5,0,161,48,71,119,501,420,921,247,213,181,641,136,91,18,0,245,3595,1669,1926
합정동,341,380,721,1350,1660,3010,1209,1024,890,3123,494,244,30,1,769,347,399,746,1701,1899,3600,1277,1212,1052,3541,647,351,58,3,1059,16569,7623,8946
망원동,903,1255,2158,2614,3056,5670,2921,2790,2134,7845,1223,568,42,1,1834,849,1291,2140,3153,3418,6571,3077,2941,2572,8590,1718,862,112,4,2696,37504,17507,19997
연남동,244,375,619,1359,1479,2838,1076,922,768,2766,374,225,24,2,625,250,346,596,1631,1497,3128,1069,1004,865,2938,550,340,54,1,945,14455,6848,7607
성산동,1041,1596,2637,3312,3927,7239,3459,3390,2494,9343,1387,680,59,2,2128,1069,1589,2658,5111,4804,9915,3780,3689,3056,10525,2204,1102,149,9,3464,47909,21347,26562
중동,284,629,913,667,577,1244,733,896,577,2206,256,115,17,0,388,288,610,898,647,547,1194,883,886,613,2382,293,173,38,2,506,9731,4751,4980
상암동,1042,1932,2974,1875,1620,3495,2487,2498,1505,6490,784,357,33,2,1176,881,1944,2825,2355,1940,4295,2859,2403,1779,7041,1014,564,98,4,1680,29976,14135,15841
신정동,5432,10405,15837,10702,9689,20391,13819,14981,11257,40057,5658,1959,187,3,7807,5209,9783,14992,10594,9976,20570,15511,15353,12564,43428,6598,3079,604,25,10306,173388,84092,89296
목동,4576,10052,14628,9175,8662,17837,12056,12273,8649,32978,4057,1286,145,4,5492,4357,8887,13244,9177,9400,18577,14297,12549,9501,36347,4389,2054,418,8,6869,145972,70935,75037
신월동,3571,4558,8129,7336,8310,15646,9309,9844,9813,28966,5002,1582,100,3,6687,3276,4401,7677,6882,7698,14580,8552,9934,10601,29087,5682,2605,414,15,8716,119488,59428,60060
염창동,1811,2258,4069,2459,3306,5765,3588,2998,2172,8758,946,303,28,0,1277,1718,2162,3880,2917,3886,6803,3804,3031,2328,9163,1037,464,70,1,1572,41287,19869,21418
등촌동,1952,2301,4253,5029,6992,12021,4935,4947,5110,14992,2568,962,145,7,3682,1812,1967,3779,6054,7394,13448,4980,5779,5916,16675,2877,1834,426,9,5146,73996,34948,39048
화곡동,5427,7598,13025,15823,19514,35337,17182,15533,14079,46794,8014,2512,175,3,10704,5296,7057,12353,18628,18136,36764,16585,16937,17278,50800,9156,3618,626,25,13425,219202,105860,113342
가양동,1073,1010,2083,2192,4081,6273,2744,2856,3949,9549,1981,691,59,3,2734,990,924,1914,2662,4306,6968,2657,3228,4542,10427,2400,1352,236,8,3996,43944,20639,23305
마곡동,2645,2775,5420,3352,4639,7991,4948,3336,2155,10439,1025,330,38,1,1394,2553,2857,5410,5945,5508,11453,5048,3272,2485,10805,1113,480,121,3,1717,54629,25244,29385
내발산동,1449,2877,4326,2609,2364,4973,3737,3705,2481,9923,1307,467,30,0,1804,1470,3173,4643,2860,2483,5343,4413,3905,2945,11263,1608,697,143,5,2453,44728,21026,23702
외발산동,9,33,42,104,67,171,60,73,91,224,49,12,0,0,61,19,28,47,45,56,101,63,78,87,228,52,20,2,0,74,948,498,450
공항동,353,499,852,1450,1803,3253,1438,1403,1384,4225,640,272,16,0,928,349,451,800,1359,1339,2698,1112,1293,1410,3815,757,368,58,0,1183,17754,9258,8496
방화동,1897,2406,4303,3940,5854,9794,5224,5238,5464,15926,2969,1041,102,3,4115,1832,2220,4052,3990,5406,9396,4938,5204,6276,16418,3462,1857,359,9,5687,69691,34138,35553
개화동,44,38,82,89,119,208,102,170,183,455,114,50,1,0,165,38,38,76,66,73,139,94,126,157,377,95,71,16,0,182,1684,910,774
오곡동,0,0,0,0,0,0,0,3,4,7,3,0,0,0,3,0,0,0,0,0,0,1,0,3,4,0,0,0,0,0,14,10,4
오쇠동,0,0,0,1,0,1,0,0,1,1,1,1,0,0,2,0,0,0,0,0,0,0,0,1,1,0,1,0,0,1,6,4,2
신도림동,1601,1757,3358,1943,2708,4651,3154,2551,2063,7768,1098,350,22,1,1471,1485,1790,3275,2230,3067,5297,3363,2670,2217,8250,1127,468,82,2,1679,35749,17248,18501
구로동,2848,3493,6341,8270,10292,18562,8788,9148,7902,25838,4404,1782,129,1,6316,2648,3362,6010,9320,9157,18477,8027,8839,8787,25653,5258,2531,344,8,8141,115338,57057,58281
가리봉동,100,133,233,864,895,1759,540,929,899,2368,407,134,10,1,552,90,106,196,819,517,1336,390,680,722,1792,448,233,41,3,725,8961,4912,4049
고척동,1557,2042,3599,3331,4056,7387,3736,4287,3881,11904,2080,793,53,2,2928,1433,1937,3370,3280,3767,7047,3653,4356,4066,12075,2386,1113,178,4,3681,51991,25818,26173
개봉동,2367,2860,5227,4982,5908,10890,6239,6613,6591,19443,3829,1372,93,1,5295,2331,2740,5071,4836,5659,10495,5917,7034,7606,20557,4258,1844,268,11,6381,83359,40855,42504
오류동,1144,1355,2499,2915,3768,6683,3140,3194,3060,9394,1828,706,55,0,2589,1116,1291,2407,3638,3595,7233,2980,3330,3456,9766,2103,1004,157,6,3270,43841,21165,22676
궁동,348,574,922,917,899,1816,1005,1131,1108,3244,588,220,15,1,824,357,566,923,827,875,1702,1047,1280,1226,3553,668,353,43,2,1066,14050,6806,7244
온수동,282,421,703,511,616,1127,732,667,683,2082,395,117,11,0,523,230,272,502,472,612,1084,681,717,809,2207,450,158,28,1,637,8865,4435,4430
천왕동,578,1210,1788,853,835,1688,1387,1149,808,3344,594,229,21,0,844,533,1261,1794,923,1060,1983,1595,1256,1089,3940,732,363,58,3,1156,16537,7664,8873
항동,1338,698,2036,682,1442,2124,1701,857,739,3297,416,97,8,0,521,1241,715,1956,717,1743,2460,1529,953,956,3438,383,157,32,4,576,16408,7978,8430
가산동,315,307,622,3165,3848,7013,1696,1596,1416,4708,604,219,13,0,836,291,326,617,3814,2542,6356,1072,1143,1181,3396,621,264,37,2,924,24472,13179,11293
독산동,2624,2715,5339,7979,10104,18083,7343,8554,7769,23666,3617,1352,109,2,5080,2459,2654,5113,8585,8282,16867,6234,8558,7927,22719,4074,1839,271,10,6194,103061,52168,50893
시흥동,2419,3665,6084,6375,6830,13205,7103,8887,8603,24593,4468,1738,138,5,6349,2303,3593,5896,6111,6118,12229,6795,9198,9153,25146,5244,2653,384,12,8293,101795,50231,51564
영등포동,483,394,877,992,1151,2143,1008,1297,1194,3499,510,205,26,0,741,463,379,842,868,1039,1907,903,1163,945,3011,524,270,40,0,834,13854,7260,6594
영등포동1가,8,13,21,702,787,1489,175,115,80,370,32,6,1,0,39,2,22,24,1145,640,1785,122,67,53,242,15,5,2,0,22,3992,1919,2073
영등포동2가,19,15,34,626,874,1500,254,209,175,638,64,17,1,0,82,21,23,44,875,598,1473,129,74,84,287,48,30,5,0,83,4141,2254,1887
영등포동3가,3,5,8,234,265,499,138,199,137,474,36,11,1,0,48,4,12,16,415,175,590,51,30,44,125,23,6,0,0,29,1789,1029,760
영등포동4가,0,6,6,138,229,367,109,119,88,316,53,9,2,0,64,5,6,11,239,199,438,67,49,30,146,24,14,1,0,39,1387,753,634
영등포동5가,24,23,47,124,186,310,141,204,247,592,113,32,4,0,149,12,24,36,117,123,240,66,91,143,300,97,41,8,1,147,1821,1098,723
영등포동6가,10,16,26,203,276,479,104,164,171,439,60,24,2,0,86,15,15,30,269,214,483,64,79,64,207,53,31,4,0,88,1838,1030,808
영등포동7가,363,216,579,786,1248,2034,756,606,472,1834,224,111,9,0,344,356,221,577,1086,1269,2355,698,563,478,1739,251,123,22,0,396,9858,4791,5067
영등포동8가,131,124,255,368,568,936,294,329,252,875,114,47,7,0,168,155,97,252,618,656,1274,344,312,260,916,133,77,24,0,234,4910,2234,2676
여의도동,1207,1493,2700,1597,2048,3645,2448,2462,2010,6920,1225,672,93,3,1993,1152,1470,2622,1890,2527,4417,2774,2679,2266,7719,1427,899,155,3,2484,32500,15258,17242
당산동1가,148,140,288,542,787,1329,451,487,448,1386,233,95,6,0,334,134,122,256,697,719,1416,368,405,437,1210,278,136,19,0,433,6652,3337,3315
당산동2가,116,123,239,374,597,971,353,339,288,980,144,64,7,0,215,126,132,258,513,614,1127,341,373,331,1045,174,82,10,0,266,5101,2405,2696
당산동3가,245,214,459,679,956,1635,630,645,546,1821,293,148,12,0,453,224,195,419,875,973,1848,613,621,632,1866,344,188,38,2,572,9073,4368,4705
당산동4가,573,437,1010,782,1183,1965,994,843,617,2454,321,110,15,1,447,496,443,939,969,1283,2252,989,883,685,2557,354,184,31,1,570,12194,5876,6318
당산동5가,461,489,950,790,1019,1809,889,843,761,2493,419,201,25,1,646,452,505,957,1233,1311,2544,972,987,787,2746,465,258,35,0,758,12903,5898,7005
당산동6가,22,36,58,368,570,938,170,186,143,499,94,37,0,0,131,21,47,68,625,485,1110,171,145,142,458,91,62,11,1,165,3427,1626,1801
당산동,228,206,434,787,1093,1880,511,370,340,1221,169,56,4,1,230,195,184,379,1331,1204,2535,506,385,368,1259,182,86,15,0,283,8221,3765,4456
도림동,432,466,898,1241,1660,2901,1355,1529,1279,4163,678,274,22,0,974,421,381,802,1386,1560,2946,1145,1362,1235,3742,780,453,64,2,1299,17725,8936,8789
문래동1가,3,2,5,8,13,21,23,35,36,94,36,6,0,0,42,3,2,5,3,7,10,8,6,20,34,21,9,3,0,33,244,162,82
문래동2가,37,37,74,62,105,167,101,70,67,238,58,17,0,0,75,28,37,65,46,86,132,78,65,96,239,66,31,3,0,100,1090,554,536
문래동3가,610,716,1326,732,802,1534,1220,1013,754,2987,482,241,27,3,753,547,683,1230,769,949,1718,1251,1006,840,3097,544,298,51,2,895,13540,6600,6940
문래동4가,77,81,158,114,141,255,157,170,143,470,77,27,1,0,105,64,88,152,111,143,254,160,165,133,458,67,47,5,0,119,1971,988,983
문래동5가,212,222,434,288,385,673,411,340,229,980,136,47,2,0,185,212,195,407,284,393,677,403,338,288,1029,157,64,9,0,230,4615,2272,2343
문래동6가,601,480,1081,466,1229,1695,1085,593,391,2069,197,81,7,0,285,583,454,1037,609,1388,1997,1075,636,468,2179,262,121,16,0,399,10742,5130,5612
양평동1가,186,147,333,319,587,906,393,290,277,960,147,68,7,1,223,163,156,319,430,506,936,361,284,304,949,212,112,15,0,339,4965,2422,2543
양평동2가,221,185,406,454,965,1419,641,456,288,1385,163,88,4,0,255,214,178,392,636,985,1621,589,414,335,1338,197,110,22,0,329,7145,3465,3680
양평동3가,522,500,1022,825,1235,2060,1005,857,523,2385,309,112,15,0,436,479,439,918,1032,1291,2323,989,801,585,2375,366,173,19,0,558,12077,5903,6174
양평동4가,145,161,306,568,838,1406,474,460,356,1290,160,72,6,0,238,174,162,336,760,829,1589,417,375,345,1137,225,129,20,1,375,6677,3240,3437
양평동5가,227,184,411,362,759,1121,412,371,319,1102,116,47,5,0,168,211,152,363,539,838,1377,446,383,336,1165,133,66,16,1,216,5923,2802,3121
양평동6가,94,92,186,302,618,920,297,237,177,711,86,30,3,0,119,110,83,193,427,554,981,288,221,199,708,89,48,8,0,145,3963,1936,2027
신길동,3337,3578,6915,7143,8679,15822,7954,8217,7341,23512,3835,1558,128,1,5522,3166,3221,6387,7458,7971,15429,7264,8107,8001,23372,4566,2408,325,15,7314,104273,51771,52502
대림동,1059,1348,2407,3378,3682,7060,3222,4063,3837,11122,2115,976,63,2,3156,1018,1217,2235,3263,3123,6386,2925,4176,4147,11248,2724,1277,190,7,4198,47812,23745,24067
노량진동,585,785,1370,3435,3310,6745,2064,2277,2123,6464,1133,533,46,2,1714,562,779,1341,3002,2279,5281,1684,2185,2381,6250,1457,781,132,3,2373,31538,16293,15245
상도동,3245,4110,7355,9369,8737,18106,8382,8440,7167,23989,3933,1718,141,4,5796,3102,3844,6946,9780,8741,18521,8409,9243,8311,25963,5069,2507,383,18,7977,114653,55246,59407
상도1동,172,290,462,1819,702,2521,480,472,381,1333,268,127,15,0,410,156,351,507,1735,606,2341,514,505,488,1507,350,181,33,2,566,9647,4726,4921
본동,327,365,692,688,922,1610,829,838,751,2418,408,180,16,0,604,353,312,665,606,907,1513,778,867,887,2532,488,283,56,2,829,10863,5324,5539
흑석동,1130,1142,2272,2254,1937,4191,2280,2307,1762,6349,935,464,52,1,1452,1105,1097,2202,2113,2004,4117,2236,2437,1947,6620,1174,694,138,2,2008,29211,14264,14947
동작동,256,245,501,330,324,654,465,450,323,1238,192,85,6,0,283,203,209,412,327,369,696,503,520,395,1418,231,109,17,1,358,5560,2676,2884
사당동,2637,2886,5523,7075,8564,15639,7166,6679,6286,20131,3754,1594,117,3,5468,2583,2495,5078,8378,8512,16890,6876,7256,7587,21719,4776,1883,305,12,6976,97424,46761,50663
대방동,907,1772,2679,2816,2393,5209,2732,2844,1922,7498,1050,475,59,2,1586,806,1908,2714,3327,2501,5828,3027,2855,2229,8111,1452,729,131,4,2316,35941,16972,18969
신대방동,1426,2027,3453,3288,3416,6704,3438,3385,2647,9470,1451,683,47,2,2183,1360,2053,3413,3860,3503,7363,3692,3495,2926,10113,1828,876,144,1,2849,45548,21810,23738
봉천동,4719,6786,11505,23775,21121,44896,14926,14634,12209,41769,7396,3175,214,3,10788,4388,6710,11098,27727,18972,46699,14130,14612,14277,43019,9468,4352,571,19,14410,224184,108958,115226
신림동,3919,6228,10147,28149,25848,53997,17728,17933,15234,50895,8694,3643,209,6,12552,3712,5915,9627,27203,18362,45565,14094,16252,16649,46995,10313,4761,684,26,15784,245562,127591,117971
남현동,403,375,778,1808,1941,3749,1095,1141,1011,3247,622,267,18,1,908,365,388,753,2055,1711,3766,1061,1306,1265,3632,732,286,41,3,1062,17895,8682,9213
방배동,2917,4886,7803,5689,5842,11531,7389,7357,5715,20461,3390,1518,150,4,5062,2872,5249,8121,6310,7144,13454,8940,8152,6677,23769,4085,1762,318,12,6177,96378,44857,51521
양재동,1030,1233,2263,2579,3578,6157,2892,2608,2167,7667,1126,393,37,0,1556,884,1210,2094,2611,3323,5934,2930,2794,2512,8236,1328,514,98,3,1943,35850,17643,18207
우면동,1015,1770,2785,1409,1584,2993,2274,2050,1696,6020,924,303,35,0,1262,1023,1684,2707,1404,1759,3163,2519,2195,2166,6880,1183,451,119,6,1759,27569,13060,14509
원지동,3,4,7,10,15,25,16,12,35,63,23,17,0,0,40,3,0,3,5,14,19,11,21,29,61,24,14,2,0,40,258,135,123
잠원동,1891,3445,5336,2873,2526,5399,4185,4550,2536,11271,1329,538,52,1,1920,1713,3278,4991,2942,3144,6086,5248,4379,2833,12460,1621,758,148,6,2533,49996,23926,26070
반포동,3106,4604,7710,3546,3966,7512,6479,5382,3234,15095,1896,727,65,1,2689,2888,4579,7467,3944,4814,8758,7473,4948,3767,16188,2291,880,183,7,3361,68780,33006,35774
서초동,3831,5895,9726,6837,7532,14369,8866,8401,5639,22906,3401,1370,147,4,4922,3646,5262,8908,7926,9124,17050,10236,8454,6201,24891,3811,1492,282,13,5598,108370,51923,56447
내곡동,425,411,836,467,426,893,762,547,556,1865,346,111,14,0,471,414,361,775,371,548,919,746,608,697,2051,350,159,29,1,539,8349,4065,4284
염곡동,33,25,58,46,71,117,61,70,101,232,50,24,2,0,76,27,40,67,42,53,95,64,88,102,254,52,26,7,0,85,984,483,501
신원동,340,310,650,381,559,940,699,515,541,1755,345,134,10,0,489,328,318,646,428,628,1056,694,560,643,1897,370,166,35,1,572,8005,3834,4171
잠실동,0,0,0,0,0,0,0,0,0,0,0,0,0,0,0,0,0,0,0,0,0,0,0,1,1,0,0,0,0,0,1,0,1
역삼동,1543,3390,4933,4887,6960,11847,6867,5351,2724,14942,1529,700,36,0,2265,1651,3726,5377,6524,7366,13890,7709,4548,2959,15216,1949,695,119,4,2767,71237,33987,37250
개포동,2457,3309,5766,3828,4392,8220,5273,5267,4434,14974,2524,720,61,4,3309,2309,3440,5749,3815,4867,8682,5970,5667,5162,16799,2889,977,205,4,4075,67574,32269,35305
청담동,992,1202,2194,1506,1622,3128,2038,1886,1377,5301,804,312,26,1,1143,761,1079,1840,1797,2161,3958,2496,2095,1589,6180,947,350,79,4,1380,25124,11766,13358
삼성동,1447,2628,4075,2669,2964,5633,3681,3474,2022,9177,1303,548,42,1,1894,1330,2155,3485,2661,3520,6181,4529,3510,2289,10328,1565,597,107,7,2276,43049,20779,22270
대치동,2249,7940,10189,4825,3515,8340,6689,7271,3908,17868,2277,769,56,0,3102,1928,5880,7808,4581,4202,8783,9025,6678,4280,19983,2465,738,160,7,3370,79443,39499,39944
신사동,287,435,722,675,929,1604,926,742,497,2165,395,214,21,0,630,268,424,692,873,1046,1919,1020,774,688,2482,540,243,40,0,823,11037,5121,5916
논현동,754,1014,1768,3257,4482,7739,3541,2792,2001,8334,1278,523,56,1,1858,738,1039,1777,4147,4952,9099,3834,2943,2411,9188,1554,607,118,5,2284,42047,19699,22348
압구정동,1035,1633,2668,1544,1224,2768,2118,2563,1747,6428,1352,668,80,0,2100,1079,1733,2812,1663,1693,3356,2753,2736,2032,7521,1624,724,138,8,2494,30147,13964,16183
세곡동,520,874,1394,784,866,1650,1172,1167,800,3139,459,200,20,0,679,504,843,1347,821,994,1815,1307,1165,1027,3499,557,351,68,2,978,14501,6862,7639
자곡동,906,1475,2381,1409,1721,3130,2290,1617,1358,5265,803,269,35,3,1110,930,1505,2435,1918,2099,4017,2421,1738,1686,5845,838,459,116,6,1419,25602,11886,13716
율현동,189,177,366,214,285,499,328,265,235,828,128,45,3,1,177,172,160,332,199,289,488,373,283,268,924,148,74,15,0,237,3851,1870,1981
일원동,1720,3437,5157,2796,2734,5530,3721,3683,2827,10231,1501,403,45,3,1952,1516,2341,3857,2598,2955,5553,4186,3620,3224,11030,1527,633,182,10,2352,45662,22870,22792
수서동,681,820,1501,949,1471,2420,1574,1374,1771,4719,1077,330,43,2,1452,591,682,1273,899,1585,2484,1667,1689,2426,5782,1591,663,154,9,2417,22048,10092,11956
도곡동,1932,3295,5227,2812,2575,5387,4378,4447,2955,11780,1820,691,67,1,2579,1987,3916,5903,3265,3319,6584,5371,4480,3252,13103,1877,734,146,4,2761,53324,24973,28351
잠실동,3933,6126,10059,6010,6305,12315,9115,8306,5881,23302,3544,1147,100,2,4793,3688,6264,9952,6959,7674,14633,10527,8223,6872,25622,3883,1374,271,10,5538,106214,50469,55745
신천동,1837,2275,4112,1779,1915,3694,3391,2739,2355,8485,1265,434,51,1,1751,1765,2068,3833,1869,2571,4440,3827,2956,2655,9438,1311,539,124,2,1976,37729,18042,19687
풍납동,1166,1365,2531,2201,2668,4869,2734,2720,2625,8079,1380,486,32,2,1900,1057,1273,2330,2631,2818,5449,2795,2882,3054,8731,1557,685,120,2,2364,36253,17379,18874
송파동,1218,1397,2615,2971,3933,6904,3018,2856,2693,8567,1398,471,32,1,1902,1106,1540,2646,3641,4070,7711,3291,3320,3145,9756,1462,564,128,2,2156,42257,19988,22269
석촌동,646,859,1505,2280,3279,5559,2296,2145,1876,6317,956,341,26,0,1323,654,823,1477,2883,3469,6352,2401,2277,2185,6863,1129,421,71,2,1623,31019,14704,16315
삼전동,582,939,1521,2127,2976,5103,2272,1976,1628,5876,848,252,15,0,1115,564,888,1452,2707,3302,6009,2432,2238,2069,6739,973,424,80,4,1481,29296,13615,15681
가락동,3432,3894,7326,5180,6701,11881,6696,6217,5704,18617,2629,764,81,1,3475,3135,3666,6801,5302,7187,12489,6839,6879,6264,19982,2599,1031,209,8,3847,84418,41299,43119
문정동,1655,1930,3585,4176,6234,10410,4541,4097,3898,12536,1998,642,85,2,2727,1659,1891,3550,5264,6859,12123,4709,4562,4345,13616,1933,841,192,8,2974,61521,29258,32263
장지동,2644,2756,5400,2193,2812,5005,4121,2930,2197,9248,1045,284,19,0,1348,2480,2656,5136,2100,3308,5408,4251,3221,2659,10131,1203,505,144,8,1860,43536,21001,22535
방이동,1572,2716,4288,4113,4673,8786,4277,4272,3661,12210,1973,609,60,1,2643,1430,2410,3840,5073,5309,10382,4834,4769,4304,13907,1961,755,173,9,2898,58954,27927,31027
오금동,1250,1587,2837,2470,2599,5069,2617,2995,2876,8488,1405,421,43,3,1872,1162,1383,2545,2317,2611,4928,2801,3564,3209,9574,1448,702,189,12,2351,37664,18266,19398
거여동,2691,2483,5174,2972,3872,6844,4291,4141,3189,11621,1602,546,40,2,2190,2494,2301,4795,3009,4013,7022,4290,4236,3513,12039,1831,866,168,7,2872,52557,25829,26728
마천동,690,1343,2033,2278,2271,4549,2585,3478,3492,9555,1727,670,45,0,2442,656,1223,1879,1940,1755,3695,2298,3213,3431,8942,1961,1023,163,4,3151,36246,18579,17667
명일동,1560,2581,4141,2470,2784,5254,3294,3223,2922,9439,1542,381,32,2,1957,1530,2162,3692,2493,2905,5398,3840,3353,3408,10601,1471,563,161,6,2201,42683,20791,21892
고덕동,2528,3333,5861,2203,2806,5009,4785,3401,2832,11018,1303,366,40,1,1710,2239,2687,4926,1947,3193,5140,4777,3222,3012,11011,1265,527,124,4,1920,46595,23598,22997
상일동,2924,3090,6014,2505,3205,5710,4807,3498,2991,11296,1445,375,36,3,1859,2840,2931,5771,2649,3803,6452,4915,3650,3429,11994,1434,567,130,5,2136,51232,24879,26353
길동,1116,1417,2533,2986,3715,6701,3341,3458,3438,10237,1778,537,48,3,2366,986,1268,2254,3488,3497,6985,3218,3628,3966,10812,1965,795,155,6,2921,44809,21837,22972
둔촌동,772,1044,1816,1568,1821,3389,1753,1882,1809,5444,911,286,29,0,1226,730,884,1614,1583,1734,3317,1799,2043,2067,5909,949,407,86,3,1445,24160,11875,12285
암사동,2353,2745,5098,4069,4855,8924,5430,5209,4599,15238,2413,856,46,4,3319,2252,2608,4860,3985,4853,8838,5315,5509,5127,15951,2804,1162,219,5,4190,66418,32579,33839
성내동,1756,2272,4028,4485,5329,9814,4904,5008,4546,14458,2496,858,64,2,3420,1544,1979,3523,4892,5151,10043,4941,5260,5359,15560,2827,1190,180,8,4205,65051,31720,33331
천호동,2018,2246,4264,5732,7633,13365,6286,6642,6729,19657,3339,1174,74,1,4588,1905,2136,4041,6765,7424,14189,5915,6693,7168,19776,3888,1703,276,17,5884,85764,41874,43890
강일동,1519,1869,3388,1725,1983,3708,2667,2263,2124,7054,1172,380,44,0,1596,1363,1760,3123,1672,2220,3892,2787,2485,2776,8048,1289,614,136,7,2046,32855,15746,17109
